Epoch,TrainLoss,ValLoss,ValAccuracy,ValPrecision,ValRecall,ValF1
1,2.13843,1.71092,0.38090,0.39455,0.38090,0.34614
2,1.77867,1.45267,0.48220,0.49438,0.48220,0.47441
3,1.58479,1.34355,0.53930,0.54539,0.53930,0.53280
4,1.46444,1.23631,0.56700,0.58248,0.56700,0.56462
5,1.40037,1.20167,0.58610,0.58577,0.58610,0.58076
