Epoch,TrainLoss,ValLoss,ValAccuracy,ValPrecision,ValRecall,ValF1
1,2.13428,1.67519,0.40090,0.41621,0.40090,0.37404
2,1.75060,1.41786,0.50330,0.50371,0.50330,0.48270
3,1.57980,1.30820,0.54850,0.56067,0.54850,0.54571
4,1.44442,1.21064,0.58170,0.58219,0.58170,0.57553
5,1.38058,1.19093,0.59040,0.58717,0.59040,0.58560
