Epoch,TrainLoss,ValLoss,ValAccuracy,ValPrecision,ValRecall,ValF1
1,2.21849,1.84681,0.36800,0.38556,0.36800,0.36246
2,1.98166,1.61857,0.44880,0.46667,0.44880,0.44295
3,1.87652,1.44767,0.50280,0.50388,0.50280,0.49703
4,1.78550,1.34630,0.54690,0.55460,0.54690,0.54652
5,1.74331,1.33065,0.55230,0.54706,0.55230,0.54749
