Epoch,TrainLoss,ValLoss,ValAccuracy,ValPrecision,ValRecall,ValF1
1,2.20798,1.81691,0.38490,0.40594,0.38490,0.35911
2,1.99849,1.57571,0.46080,0.47380,0.46080,0.43252
3,1.89028,1.44072,0.51060,0.52877,0.51060,0.49906
4,1.82383,1.38482,0.54050,0.54889,0.54050,0.53638
5,1.80663,1.34184,0.55380,0.54817,0.55380,0.54737
