Epoch,TrainLoss,ValLoss,ValAccuracy,ValPrecision,ValRecall,ValF1
1,2.17638,1.72379,0.37720,0.39872,0.37720,0.34906
2,1.89544,1.60901,0.42300,0.47948,0.42300,0.41416
3,1.74117,1.36227,0.53690,0.54061,0.53690,0.53633
4,1.64544,1.28418,0.56410,0.56423,0.56410,0.55930
5,1.60333,1.26894,0.56990,0.56203,0.56990,0.56342
