Epoch,TrainLoss,ValLoss,ValAccuracy,ValPrecision,ValRecall,ValF1
1,2.14653,1.81491,0.35200,0.38253,0.35200,0.30949
2,1.77626,1.47503,0.49330,0.49519,0.49330,0.48345
3,1.56187,1.31427,0.54490,0.55189,0.54490,0.53912
4,1.42547,1.25412,0.55910,0.56225,0.55910,0.54652
5,1.36742,1.19979,0.58470,0.57896,0.58470,0.57707
