Epoch,TrainLoss,ValLoss,ValAccuracy,ValPrecision,ValRecall,ValF1
1,2.14253,1.77953,0.36320,0.39462,0.36320,0.34351
2,1.76082,1.40598,0.49820,0.49607,0.49820,0.48435
3,1.58624,1.33372,0.53120,0.53384,0.53120,0.52046
4,1.46178,1.27025,0.56200,0.56948,0.56200,0.56255
5,1.39627,1.20982,0.58280,0.58024,0.58280,0.58012
